"Iteration","row-01 Mooring-01: row-01 Mooring-01 (m/s)","row-01 Mooring-02: row-01 Mooring-02 (m/s)","row-01 Mooring-03: row-01 Mooring-03 (m/s)","row-01 Mooring-04: row-01 Mooring-04 (m/s)","row-01 Mooring-05: row-01 Mooring-05 (m/s)","row-01 Mooring-06: row-01 Mooring-06 (m/s)","row-01 Mooring-07: row-01 Mooring-07 (m/s)","row-01 Mooring-08: row-01 Mooring-08 (m/s)","row-01 Mooring-09: row-01 Mooring-09 (m/s)","row-01 Mooring-10: row-01 Mooring-10 (m/s)","row-02 Mooring-01: row-02 Mooring-01 (m/s)","row-02 Mooring-02: row-02 Mooring-02 (m/s)","row-02 Mooring-03: row-02 Mooring-03 (m/s)","row-02 Mooring-04: row-02 Mooring-04 (m/s)","row-02 Mooring-05: row-02 Mooring-05 (m/s)","row-02 Mooring-06: row-02 Mooring-06 (m/s)","row-02 Mooring-07: row-02 Mooring-07 (m/s)","row-02 Mooring-08: row-02 Mooring-08 (m/s)","row-02 Mooring-09: row-02 Mooring-09 (m/s)","row-02 Mooring-10: row-02 Mooring-10 (m/s)","BuoyancyPod-01: BuoyancyPod-01 (m/s)","BuoyancyPod-02: BuoyancyPod-02 (m/s)","BuoyancyPod-03: BuoyancyPod-03 (m/s)","BuoyancyPod-04: BuoyancyPod-04 (m/s)","BuoyancyPod-05: BuoyancyPod-05 (m/s)","BuoyancyPod-06: BuoyancyPod-06 (m/s)","BuoyancyPod-07: BuoyancyPod-07 (m/s)","BuoyancyPod-08: BuoyancyPod-08 (m/s)","BuoyancyPod-09: BuoyancyPod-09 (m/s)","BuoyancyPod-10: BuoyancyPod-10 (m/s)","BuoyancyPod-11: BuoyancyPod-11 (m/s)","BuoyancyPod-12: BuoyancyPod-12 (m/s)","BuoyancyPod-13: BuoyancyPod-13 (m/s)"
1.0,0.052525948764494616,1.5755750617806201,0.13949921752645847,0.5175294351815424,0.14716197191925434,0.14690658963635458,0.5187740171766283,0.13902345598906754,1.5754265913620598,0.052173003937560816,0.8848587862956659,0.038851680316591274,0.8791303564168181,0.14872811669966926,0.4463530893973022,0.4402880447188886,0.14893548487251093,0.8805065945922436,0.03893327371676608,0.886427133059007,0.3537199832699028,0.37790171934067907,0.39708575116160827,0.3780597668882937,0.35339198997615334,0.27790499742845914,0.3189934873924352,0.31818147543434927,0.27925197922025513,1.7674496510073354,1.7635480881099765,2.291752289134392,2.2909190960052053
2.0,0.10925979289153524,1.5316601054381505,0.1907092197457857,0.626026411367588,0.2529526614026678,0.25241569286493365,0.6218251105198931,0.1889439314015326,1.533750603948563,0.10900000889355098,0.980946736914009,0.07727869794706874,0.9488466481345582,0.1853860118376244,0.48542762767936665,0.4789471740630351,0.18483133645044755,0.945293015424603,0.0752121195671822,0.9856445766743934,0.44237976672522344,0.465951122790384,0.47794957938911636,0.46132916597043894,0.4454336048818694,0.343078679302396,0.36677854198469245,0.3668817881499659,0.3434009092755931,1.9279535218057773,1.9311122463754036,2.2816156896323383,2.2818703073290094
3.0,0.1999453497943921,1.4833289841672572,0.2764642017256478,0.7192358907012113,0.33916753467689253,0.33668742782271455,0.7241937134485853,0.2762662032209063,1.483657765097258,0.199524336629014,1.086149167727439,0.13289540681096726,0.9630216202294485,0.2658914855242859,0.5641731182150489,0.5571418734162408,0.26398959490219126,0.9603361447198697,0.13106046662100346,1.0847710837903648,0.5348370345189847,0.5290413279405992,0.5454750213087844,0.5311031100332995,0.5375095677533936,0.4589143887214406,0.45110633980324993,0.45071749476122647,0.4589869338757629,1.7703176929719584,1.7730280749536504,2.2641512369633245,2.2648541826641946
4.0,0.3300538121392871,1.4468705016355328,0.3580029398998515,0.8224902342739746,0.4229993718175916,0.4206059666937416,0.8327321290368047,0.3601574337677708,1.4469008295802914,0.3317294060848032,1.1362565084801863,0.20203428731423706,0.9647578116695507,0.3185379742257148,0.6091133044767041,0.6027538707097557,0.3180469661566353,0.9612827310109755,0.20199558904528253,1.1242395955632347,0.6310185949714853,0.6039686771907758,0.6248759686881205,0.6098568611753689,0.6347342588596978,0.525872903724691,0.493084744322935,0.492742637402566,0.5268915105339605,1.687421822940014,1.6894863268420148,2.2126119801403705,2.215086090770501
5.0,0.45102515688005757,1.4029158082048965,0.4233323900516413,0.9078611097914148,0.500973311459651,0.4984121261764403,0.9207405788191725,0.4240536775858598,1.4029228009526737,0.45567736556877564,1.163281982903509,0.2780741614784609,0.9785526200184619,0.38282791946965805,0.6537180171073546,0.6491535592848992,0.3829333202864412,0.9736138446100868,0.28037851534481784,1.1437096277006478,0.7128736401797704,0.671292828977339,0.6923891681629153,0.6778674365929629,0.7173092505686698,0.5884448720081717,0.5441974579414334,0.5440693953009782,0.5902801254207716,1.6757158880314544,1.6774006724964867,2.1586588681784384,2.162935294045841
6.0,0.566943295753342,1.3599794597242891,0.48579925437579186,0.9764636726777648,0.5799145073930371,0.5776772822267215,0.9919684609695634,0.48759949718288376,1.3593130000946176,0.5737636350865073,1.1704634220630412,0.35569348232334974,0.9864773134135633,0.4462555941169894,0.6896321123110771,0.6866867688073581,0.4462747212105437,0.9812526879270347,0.35870153186756515,1.1489511316736665,0.79148475859335,0.7388834293973094,0.759092912579166,0.7456032348838886,0.7959377195491849,0.6429477119292131,0.5911704076424875,0.5909145319095221,0.6446836254049183,1.7010700309901603,1.701389008058741,2.1100133554736438,2.1172990651884946
7.0,0.6763191205422493,1.3242716001018953,0.5493690943532478,1.033433681134888,0.6601695288836875,0.6583228643888912,1.0512157500371009,0.5519176509637358,1.3224746246363626,0.6843638235384637,1.163695463515014,0.4292204011410656,0.9796258166729959,0.5008786582705056,0.71564631416961,0.7144580985017324,0.5007449181655516,0.9744742634935746,0.43231975285257696,1.1457616632239065,0.867544391930591,0.8081918217525329,0.827473389896716,0.814171762963059,0.8719200219294031,0.686098384611955,0.6298082033772237,0.6291198464967748,0.6869550702377965,1.7256234494054725,1.7241752476129715,2.078677126461761,2.0873429978704907
8.0,0.7709005325566515,1.2930803380324294,0.6096899789171629,1.076726721449293,0.7341057713445244,0.7328155651983821,1.0953149235482134,0.6130907218897841,1.2900897318764095,0.7795719677907105,1.1478749111378042,0.49530665480272595,0.9664028172251581,0.5516099405022137,0.7454374768718735,0.7453052625826305,0.5515331843669412,0.9616070852788755,0.5005326939079839,1.1409753605315207,0.9336969549670338,0.8695953432888914,0.8868197217003985,0.8751184299054497,0.9374896241985158,0.723749605521993,0.6718083161000318,0.670694512310419,0.724361379714452,1.7255278032409733,1.7228163666598193,2.0763452884982576,2.0847495090402086
9.0,0.8516411300237955,1.2704934479649082,0.6704549674356015,1.1087906719976925,0.8021920482144953,0.8014551983632741,1.1276398507128178,0.674675590041879,1.2665334125897076,0.8606837565503376,1.1095033126580507,0.5522889621820042,0.9395091804927617,0.597009640116107,0.7748601698470422,0.7751294268190989,0.5968918238309497,0.9354634710439939,0.5592482016311733,1.1203070530353603,0.9938171818493508,0.9258680500085941,0.9416056164492345,0.9316881105621877,0.99715550515009,0.7559314773052942,0.7138655860184634,0.7118388917941553,0.7565809887395993,1.7042186229547274,1.7013934618460889,2.0964435740561798,2.1032473761172943
10.0,0.9160624044214976,1.2601631156621782,0.7291363108393325,1.131148576184661,0.8631454069613081,0.8629520539729334,1.149868794121512,0.7339308921242556,1.2558799348516851,0.9250378075851645,1.0461315076549227,0.601328331634577,0.9072071525362738,0.6381679989793438,0.8021080397450747,0.8027141269770717,0.6380458181848161,0.9037310265736123,0.6092696663125577,1.0756214059399418,1.0476850515611729,0.9761576459572344,0.9905562783542198,0.9820976777742154,1.0502531098472119,0.7851574210505882,0.7554596464529698,0.7526405396490932,0.7853617746498286,1.667221307899818,1.6640773318079751,2.131605256326423,2.134387380725399
11.0,0.962472846415638,1.2591274644143249,0.7839096169969143,1.1460690507760052,0.9168351832470922,0.9170320009573261,1.1644828580868634,0.7895539446338615,1.2547305284856791,0.9710028687899498,0.9605172066049339,0.6433118981493525,0.8754355756319662,0.6775890158052458,0.8274689063848876,0.8283461735707192,0.6772694372266633,0.8728781845760997,0.6518702810868353,1.004670540831617,1.0938331655642783,1.0199508261182442,1.0332053706843904,1.026045279147259,1.0956712211293727,0.8120132247680097,0.7978697441564572,0.7941389561551785,0.8125161379102686,1.6170089908327765,1.6133266576631649,2.167039395603862,2.166035132519047
12.0,0.9894208136636782,1.2626025832425611,0.8339657799402268,1.154998820161668,0.9636316295405946,0.9640802559318751,1.1731886584976734,0.8405877123065917,1.2584802208540062,0.9973825943545078,0.8712552075035136,0.6794816913479147,0.8484971997118328,0.7173622971594329,0.8512313761700405,0.852526510053255,0.7169443644394534,0.8468110029186773,0.6881947894772886,0.9185488188802883,1.132361450694505,1.0573816211900793,1.0692890937732813,1.0634133412678377,1.1333326035459128,0.838508299628898,0.8423616979488288,0.8380320073281581,0.8391381602231579,1.5569003998110191,1.5528304607518217,2.1840238046166944,2.178865381929757
13.0,1.0016645687259018,1.2646291100766727,0.876639048488528,1.1577823967740486,1.0032765837863884,1.0038483886983598,1.1761259015251058,0.8843836293003837,1.260990704291079,1.008664182055651,0.8113897439709494,0.7109457629358864,0.8326063981202818,0.7593717096394217,0.875406792625333,0.8772593974785221,0.758890959386453,0.8318301641135523,0.7195287934261885,0.8449001559960863,1.1609762399947117,1.086855968486022,1.097447577801732,1.0928703939710869,1.1615113658579495,0.8662423348015417,0.8903178280753704,0.885638092827466,0.8673370988594079,1.48795157726347,1.483454976340198,2.1617229729043115,2.1544783597583574
14.0,1.0067501470399138,1.270056538493342,0.9158542884402048,1.160875769320296,1.038378034460839,1.0390997603742111,1.1796588342812677,0.9245704314436637,1.267260547704387,1.0129161300984502,0.8041618021001065,0.7377529916932183,0.8286514237492181,0.8043404107954276,0.8998643703394518,0.9023707877136239,0.8037341056890553,0.8286852322488104,0.7456353331395669,0.8114110440851188,1.1840109070885738,1.1124614398043466,1.1216172942667564,1.1181757889006545,1.1840891284647412,0.8957287545949447,0.9423013285260342,0.9376370757070484,0.8971151253204999,1.4181742903788563,1.4134204081771575,2.076012665708169,2.0684101576482696
15.0,1.0116178822202282,1.2767449801712736,0.9513591977891632,1.1660784751578208,1.0697243915815762,1.0706065714681725,1.1853442836712897,0.960538117695994,1.274631444969078,1.0167543566749564,0.8428068449969409,0.7604024366970841,0.8273155518229455,0.8502659849842988,0.9190834887838716,0.9223366004033627,0.8492396152387633,0.8282491295702034,0.7666854382289122,0.8263477936055003,1.2017390698998702,1.1342691690085103,1.1418866156676966,1.1395377373545001,1.2013573251097052,0.92124657210749,0.9924094769005989,0.9880127288722098,0.9225407755703908,1.3514303588261438,1.3463252502482825,1.9194017271477044,1.9149005501372534
16.0,1.0163133158400905,1.281011746997328,0.9806614156651806,1.172734660707357,1.0963001892746789,1.0974373257904464,1.1925330364230005,0.9901458883211689,1.2799606871680504,1.0211474142426926,0.9219890815557178,0.7811138634462049,0.8404821653383043,0.8994327154258653,0.9420207086308756,0.9462657899571201,0.8980169859841566,0.8420149211122678,0.7852094014333988,0.8922820566835218,1.2112368577597736,1.1503383561441232,1.1564566561856786,1.1551531276056137,1.2109712773320005,0.9488402480367367,1.0464707501694355,1.0428335585463195,0.9497405372930383,1.2894164163206552,1.285206471503962,1.7364352635259914,1.7377289221812098
17.0,1.024395645096411,1.2865201073744286,1.0071520061714376,1.1834836335525587,1.1193140332371894,1.1207507598865123,1.2029894197068967,1.0165949751396364,1.2864018290120505,1.028702660242497,1.0119287621919895,0.7998304504881643,0.8525737448011731,0.9479228410347859,0.959280457138174,0.964728485882985,0.9461558732647826,0.8550703869515205,0.8013699571990887,0.9762581596225612,1.2165848572859304,1.1629331930798839,1.1672644906790302,1.1672724944113217,1.2160365201660819,0.96985974505377,1.09523099098723,1.092927075500633,0.9702163626385626,1.241731040017711,1.238293744349766,1.5551399632254617,1.5634402708522992
18.0,1.0329740624063566,1.291600894370614,1.029799700414247,1.1965106265078045,1.1383867557582124,1.1401403177591127,1.2152198971890478,1.03884406620796,1.2920641269664412,1.0373488552529333,1.1044294854762042,0.8168333006151938,0.8662641191576901,0.9958203702012359,0.9740822716134285,0.980834552272406,0.9936402305259961,0.8693897934088186,0.8161941614755335,1.0686407426340643,1.2164894025246658,1.1713959152824667,1.1741616839553088,1.1752683651518379,1.2159021931855556,0.9869853346806532,1.140146174180539,1.1392819208400682,0.9864772560444445,1.2084762263398858,1.2056965916310414,1.4137553906321854,1.4273551133378692
19.0,1.042015355538554,1.2948916549193974,1.0488543145513702,1.2104424497377169,1.1534145554127815,1.1554791144397463,1.2280537855371296,1.0573552524919745,1.2959503459065511,1.0463719722455436,1.1916460069572858,0.8326321282034108,0.880514342855229,1.0422700351437433,0.9873126129750074,0.9953648367991798,1.0395263812005824,0.8840557854996163,0.8299652926308678,1.1594919760463975,1.2113804488542348,1.175644065423458,1.1774749408085745,1.1793979987585572,1.210696963503641,1.0008764176307043,1.1814797907743042,1.1819754866591805,0.9994248308381173,1.1876867335667936,1.185219907187547,1.3238137530574685,1.3395569410273878
20.0,1.050225388062475,1.297254404086669,1.0649645547112772,1.2245698714367217,1.1647976520742007,1.1672151857855382,1.2406894075807873,1.0725586337222004,1.2988613405727816,1.0545698395254823,1.267750498299214,0.8482509119310527,0.8937846674162724,1.0874765644970092,0.9993366410470689,1.0085199181847222,1.0839863840006119,0.8975095816829325,0.84439110569336,1.2413232751511747,1.2031295575917265,1.1771522174434377,1.178369364955621,1.1808475773421288,1.2026058934872526,1.0113045062060704,1.219106558413496,1.220847447324284,1.0084804242941623,1.1788507842344231,1.1762978515376508,1.2789627071263658,1.2938240540723853
21.0,1.0575141576670295,1.2987997443186854,1.0787741612104549,1.2384513640348462,1.173101922434086,1.175814615386105,1.2529128574302921,1.0854681183470374,1.3010598787596581,1.061766691356137,1.329265232381593,0.8628285254787079,0.9053912342672868,1.1298789540804495,1.0099622148933198,1.0202240815906416,1.1257355963720972,0.909229037641417,0.8581789363423669,1.3100939757541095,1.192779630316192,1.1764510868657063,1.1776026504567803,1.1803548994691904,1.1924524621347004,1.019489927133867,1.253067028739782,1.2561546987089727,1.015476094744679,1.1773021212047616,1.1746616609821048,1.2699735923309678,1.2831221153901406
22.0,1.0634996419076987,1.2994797876806767,1.0904068244973248,1.2514500841921206,1.1790489122826315,1.181959131457271,1.2641337662285825,1.0961896341985686,1.3023212746465407,1.0675830305442071,1.3725408619709014,0.8764050458439978,0.9157374665459154,1.1691248647347205,1.0190472052046953,1.0300660891332776,1.1643471477147362,0.9194240057071179,0.8712319349231784,1.3618790765833237,1.1814460251724983,1.174412907134016,1.176109022532028,1.1786848517442392,1.181395308647075,1.0258770749885895,1.2835677871717863,1.2878826157611667,1.0207285270258148,1.1793612144008887,1.1766095598985966,1.285514087061335,1.296937437410566
23.0,1.0682889703967389,1.2993730539476718,1.1000609932114833,1.2631763495665687,1.1833936739167863,1.186329717424916,1.2739294012713716,1.104844661615544,1.302657289074195,1.0721354423371472,1.3955701402450595,0.8885960561040377,0.9260456350184327,1.2045258563292423,1.0263996565759743,1.037843054010681,1.199295237921753,0.9295801474440769,0.8830257538678599,1.3942413372182927,1.170250778193814,1.17175078814244,1.1745266675399542,1.1763641924260477,1.1706091458342436,1.0310380667740044,1.3107102577008114,1.3162478378037787,1.0248032063638277,1.1834775282142203,1.1805956448712147,1.309856325537967,1.320289670097823
24.0,1.072325955255971,1.2982717326538247,1.107733023775859,1.2732875715901915,1.1867718857994998,1.1895812748530814,1.2821459673772666,1.1116370717497852,1.3017264153944617,1.0757798060361823,1.3974908817215754,0.8992164852089111,0.9367591767695195,1.2356031333202406,1.0315275736318859,1.0429554605371005,1.2302953338816451,0.9403787806483701,0.8934483754328506,1.405219920814521,1.160138273280404,1.1690283525391436,1.1733607585478407,1.1740418932050898,1.1606584196310745,1.0348154119072284,1.3341109296943237,1.340762485495234,1.0279434843096718,1.1882710773530163,1.1850516915931286,1.328486195667197,1.3393160338724188
25.0,1.0749720376290341,1.295845740765338,1.1129164261974278,1.2811701676280067,1.1893735260332081,1.1919395507135069,1.2881329304767697,1.1159293268240493,1.2992710241629253,1.0780391309286783,1.3799586968743298,0.9077864660777254,0.9480935084322457,1.2626942913858479,1.0346564018644746,1.0455627423239418,1.2575520883651143,0.951771974583673,0.9017649627280615,1.3944350678283168,1.1509500518452833,1.166411526782829,1.1723256209144641,1.1716945490872468,1.151834933558995,1.0380743412018199,1.3538486649489527,1.3613135121161655,1.0305410878243813,1.192975282326898,1.1895101815982905,1.3385819693313747,1.3500276927189212
26.0,1.077112124253243,1.2923928564062048,1.1162131308423198,1.2870815371360296,1.1917604786039746,1.1939940329769083,1.2923545900106375,1.1185060033093464,1.2958265955145767,1.0798378060398572,1.3453244138342426,0.914775612931995,0.9586704234372211,1.2854581361152229,1.03525844722045,1.0450087825692662,1.2808658774007255,0.9625502891253616,0.9085347468733473,1.364367201555766,1.1438199674272047,1.164413757945996,1.172196140377173,1.1700121016998808,1.144877943807304,1.040661308533903,1.3692728215921413,1.3774129607335877,1.0327424132991663,1.197192014503584,1.1934637036426978,1.3411267412454608,1.3535457653260328
27.0,1.0781535304887986,1.2874736353050285,1.1168397874337466,1.2905216430418915,1.193709618301772,1.1956190880413424,1.294259502971972,1.1185731891704682,1.2908223850553509,1.0806558008001403,1.3001816777848472,0.9197831262777663,0.9671433085283753,1.3040969959182829,1.0338900291177795,1.0417742430458328,1.300402760771662,0.9711639139486106,0.9131579851011576,1.3205247635477257,1.1378827361081338,1.1626239971014387,1.172199480907231,1.1684665452430318,1.139285265222176,1.0433086468779602,1.3805202441505178,1.388914895314581,1.0351429757126063,1.2003571911631354,1.196510513758938,1.3430116429273584,1.3558954949430229
28.0,1.0785547698764233,1.2817210621038995,1.115540349771182,1.2920687417953278,1.1955800836610402,1.1971476368190608,1.2943922269764347,1.1168303633807042,1.2848051090178976,1.0809228274605864,1.2501173034992492,0.923728921739744,0.972626884657362,1.3186856889029277,1.0305199478900353,1.0360177879998145,1.3161378342469614,0.9766903012347039,0.916741056538672,1.269696858979773,1.134001083951422,1.1616779712715641,1.1727970414043898,1.1675407854879796,1.135531779123406,1.0463928600812993,1.3873416744831848,1.3956675109318117,1.0382051949066686,1.2026385940934778,1.1985951161878583,1.3461879368436183,1.3590069798268636
29.0,1.0785492846998104,1.2747508885127161,1.1119436648555903,1.291371794302849,1.197063602912212,1.1983018845559095,1.2924889952919425,1.1131195710859854,1.2774312048914094,1.0807654351597622,1.2024817029925832,0.9265488055056657,0.9754034997922832,1.3291765259997788,1.0260330400553743,1.028793766016547,1.328057632885686,0.9793820204473088,0.919085666641454,1.2201850752883245,1.13123511232185,1.1608392244975474,1.173299897358934,1.166736841738886,1.1329628563225076,1.0504091222967256,1.3900517019056229,1.39784541486004,1.0423335058585068,1.2036550385773928,1.1995166274022515,1.352475406881621,1.364770599665881
30.0,1.0783641913560955,1.2671436915713379,1.106924205052303,1.2890031671067417,1.1983390285245912,1.1992861601706415,1.289123057898271,1.1081670251708882,1.269616972435526,1.0804703126109996,1.161726974330159,0.9291410661511361,0.9760896765952699,1.3357945198001375,1.0211552960527601,1.0211589410669497,1.3361737265796094,0.9798278535189493,0.9212081038859038,1.177221412853968,1.1298713026068534,1.1604706130005833,1.1739706751348988,1.1663006242224077,1.1317437587220116,1.0557279424729558,1.3892111239264264,1.3961338925382836,1.0477611868255003,1.203798509896758,1.1996309806022907,1.3602614230412433,1.371729038279264
31.0,1.0781857343353678,1.2590918992215827,1.1010028897354558,1.2850952671598803,1.199336621686943,1.2000293068614762,1.2843960778097079,1.1025078539484576,1.2612822272370192,1.0802301684056983,1.130156822219151,0.9318162753978176,0.9750133252007246,1.3385064908874942,1.0165202728465859,1.0139778526823484,1.3404397724127979,0.978344949117568,0.9233970015797814,1.1437841333032923,1.129535059460292,1.1603501400304979,1.174663491980863,1.1660304603876626,1.1314907907664669,1.0623023026045857,1.385286999631663,1.3910899784819881,1.0545023081818283,1.2029550642992226,1.198803190568376,1.3685480811586521,1.3789509386217618
32.0,1.0781596190815836,1.250685930452263,1.0950054059091707,1.2799010998491585,1.200040300516426,1.2005159438348199,1.278514227659699,1.09689775190604,1.2524140071975036,1.0801797311572223,1.1072812531055205,0.9350018629450891,0.9728848767818913,1.3374967039050898,1.012639622679061,1.0079238699000865,1.340853934952054,0.9756141225137235,0.9261686258129185,1.119618484184975,1.1300668253811401,1.1604448051122862,1.1752974551543784,1.1658534409845918,1.1320292215650867,1.0701145947013433,1.3789801408148017,1.383525904235339,1.0625176438506505,1.2012139488657478,1.1971022395483004,1.3762435396952606,1.3853175285368486
33.0,1.0784117799439967,1.2419229713708082,1.0896960685372168,1.2736250567387901,1.200447664812663,1.2007294335742493,1.2717023038949593,1.0920790724607286,1.2432662546016937,1.0804861392285068,1.0909599393350844,0.9390493263155325,0.9703567150068322,1.3331664927432292,1.0099798138370524,1.003489900279895,1.33769392666675,0.9723471279925948,0.9298556838270123,1.10254103254175,1.1313079067392102,1.160585514466771,1.1757771247845572,1.165747299907719,1.1332293984109492,1.0791113382303599,1.3711863878968091,1.3743598605430243,1.0717103562419483,1.198618010647548,1.1945500522597252,1.3822604726142942,1.3901933999085867
34.0,1.0790134379943408,1.2331932090756956,1.0859020566900301,1.2665928002291076,1.2006112222202412,1.2007136107831757,1.264281050170491,1.088700400188917,1.2341460140855638,1.0812598855035036,1.079288955570257,0.9441408434944867,0.967655974302073,1.325840398822702,1.0085112401944336,1.0006996961347832,1.3313513205960406,0.9689518435104694,0.9347033002381351,1.0903870097422934,1.1331205682786087,1.1609288589235098,1.1762366476926842,1.1657741672610733,1.1350598375630212,1.0892138837303293,1.362552467675343,1.3644873500555588,1.0820056757412333,1.195331947001322,1.1914591357304067,1.3862609673139732,1.3926761700473986
35.0,1.0799562737449775,1.2247080237428847,1.083516130366912,1.2589212262907679,1.200434738038488,1.2004077796579185,1.256282343177791,1.0866982090254846,1.225221956517648,1.082351025544477,1.0702851368197448,0.950357264500943,0.9650839967737802,1.3168374512338736,1.0083886424318675,0.9997675990544825,1.3231241284710111,0.9655931247686462,0.9407498885694522,1.0811189362245501,1.1352682688664832,1.1611555282769068,1.1763135008108103,1.1656611597109425,1.137168016276904,1.1003903456693271,1.3541891418117442,1.3548537402896692,1.0933249223278476,1.1916867812303775,1.1880047608196118,1.3870814471279522,1.3922179428782797
36.0,1.0814636293302853,1.2163629565786247,1.083239719496127,1.2509273325292314,1.2000393416611386,1.1998813364651197,1.2480741041396357,1.0866403737508563,1.216482676011758,1.0839548795976923,1.062525165980901,0.9576897739876338,0.9620426691383991,1.3065332111275907,1.0089117596409647,0.9997847493892321,1.3134202906648318,0.9619058525326998,0.9480462807502545,1.0733414150443825,1.137844286957745,1.1616410693736063,1.1764967265042106,1.1657764788579152,1.1396565248190065,1.1121668132964508,1.3460861340788937,1.3457510597497555,1.105199513851276,1.1874081146574897,1.183968353110245,1.384912952754282,1.3886169670613147
37.0,1.0833864795793564,1.2083089623320533,1.0843814984516624,1.2426649897636493,1.1993163181676796,1.1990531833193558,1.239651260419417,1.0879128436108543,1.208129449762571,1.0859476201474698,1.0553887743281376,0.9660939644806305,0.958945525595768,1.2963004665506588,1.0101853307163409,1.0008200127295117,1.30383131932982,0.9582689430681468,0.9565018143013967,1.0663177733266982,1.1404433540126906,1.161982996616838,1.1763608874974951,1.1657475824960253,1.1421854019336317,1.1245903553349286,1.3391291205467513,1.3379344419607766,1.1177654906685093,1.1827799704086348,1.1796787253274648,1.3792470133853107,1.38154961109252
38.0,1.0856444009786455,1.2002842749155307,1.0866654370262492,1.2340044425468624,1.1981004854809056,1.1977832588946513,1.2308300928948621,1.0902923861038534,1.1997018486823534,1.0882250370942652,1.0480945509720345,0.9753425148876722,0.9554461678001054,1.2870527598312134,1.0118022024652877,1.0023959551362112,1.2953478877008298,0.954457175120442,0.9658678139690151,1.0592872469435823,1.1428912490757943,1.1620021236497822,1.1757540531131085,1.165402509415232,1.1445263109894968,1.1373022687654233,1.3334331413787333,1.331656502645713,1.130658079578366,1.1777260846391926,1.1748706378287965,1.3698003664238454,1.3710519951104991
39.0,1.0885625455172174,1.1931224227092299,1.0904244902962186,1.225827568368449,1.196765266366741,1.1963808998945349,1.2224892074497342,1.0939597754909294,1.1922432635220623,1.0911079798696732,1.0400593944390482,0.9854227622855214,0.9514854552422395,1.2793029914841756,1.0131175114354853,1.003840791560946,1.2885126666861078,0.9503761210006866,0.9761632351569189,1.0516478496587063,1.1456663912527407,1.162559670615878,1.175545759648481,1.1655065503402693,1.1470879628707644,1.1501216201651645,1.3289879539791232,1.3270774606891689,1.1437435003649246,1.1724278920081987,1.1699177335314341,1.3580307576771087,1.3586970628707116
40.0,1.0917481889539784,1.1860468149612824,1.0943156603678617,1.2174278426694825,1.1948129235324108,1.194401584631014,1.2140184484449636,1.0977151828692264,1.1848759464634224,1.0942603684074566,1.0314937274248561,0.9962419150657252,0.947343316671602,1.273007692312703,1.0142083644854716,1.0050507906683839,1.2832938697722227,0.946313021162522,0.9872568979655132,1.0434037868942208,1.1478736185576361,1.1625199713530463,1.1746403875478584,1.165084193796489,1.1490959184824068,1.1629549165598094,1.3255700962127532,1.3236944876534813,1.1569169479318953,1.1670990212496164,1.1648814884530672,1.3450348233744716,1.3454876989237847
41.0,1.0951661240546218,1.178887615055159,1.0982904313267834,1.2088440883009417,1.1923040779018745,1.1919044817621927,1.2053803354710046,1.101565896148096,1.1774979480326087,1.0975962273951185,1.0219492347226145,1.007496932992384,0.9430248415895955,1.268907116366276,1.0151353016370994,1.006210389757529,1.2803032543450241,0.9422428109500113,0.9988620528289707,1.0341990923216526,1.1496426639830413,1.162094553952403,1.1732004817833506,1.164244216154231,1.1506813500117374,1.1755013711036288,1.323490037346253,1.3217205819078695,1.1698413221870811,1.1613545299284267,1.1592904987951522,1.3320163248881096,1.3325388118190156
42.0,1.0991234246055144,1.1726752457076206,1.10262552803799,1.200893653380067,1.189591363793509,1.1891914911628234,1.197350953887492,1.105756824519493,1.1711207656813916,1.1014483375095134,1.011170768765814,1.0192607845998345,0.9383434828180862,1.26681453714684,1.0155904369255195,1.0069770675425262,1.2793407881082752,0.9380196975296888,1.011036818512199,1.0236711913286745,1.1513727201209467,1.1618415758322407,1.1719442092407508,1.1635970032764753,1.1520706692008649,1.1877359414435757,1.3226772828970355,1.3212192185118887,1.1826022767402835,1.1557473359037016,1.1538840461755666,1.3204330246192637,1.321116543452186
43.0,1.1031819489104713,1.1666058758755673,1.1067451977058251,1.193035575266715,1.1864854399002658,1.1861058882706865,1.1894786526895,1.1097420171800285,1.1649688637395448,1.1053659439039134,0.9996703264064006,1.0313091185538743,0.9336448047425586,1.2661450237130387,1.0156870692525128,1.0074001782727195,1.2797121758095873,0.9339100125188399,1.0235335782482957,1.0122888580343556,1.1525094477168192,1.1611640254668316,1.1702447247414172,1.1625450597951474,1.1529695150357293,1.1993918879865308,1.3225402802648838,1.3214390502334115,1.1948258724627245,1.1501778372727403,1.1484940527475302,1.3111981881178476,1.3121645014729244
44.0,1.1071254339293133,1.1603161304794385,1.1105476144967659,1.1851802146539498,1.1829107351579335,1.1825647113599227,1.1816070169374404,1.113327124198814,1.1585852322315016,1.109147587181605,0.9875178524241408,1.0434925658458831,0.9288174234234565,1.2665478663724634,1.0153835510430576,1.0074226303389964,1.2810091527127796,0.9298220402972059,1.0362014399895765,1.000080991541235,1.1529929991934065,1.1600170298960883,1.1679532274339792,1.161012662262901,1.1532591235443872,1.2103268088820491,1.3228163051272763,1.3221544886921877,1.2064200533521061,1.1444856497379547,1.142870907635893,1.3046754022846245,1.305683279954227
45.0,1.1113939659760272,1.1551795260593174,1.1145534181920955,1.1781097659063682,1.1793385546276205,1.1790213057034746,1.174492559951472,1.117164511275671,1.1534118839473795,1.1132324187198361,0.9751711058212249,1.0559026602653716,0.9244761579325557,1.268431742718925,1.0155895889452569,1.0080181806876838,1.2836272820370254,0.9262984567449297,1.0491184568586904,0.9874980346343686,1.153560675877589,1.1591042042492326,1.1659578012048415,1.159751177432679,1.153530821643818,1.2208320278385965,1.3243236936462073,1.3240839105978124,1.2176527333462124,1.1392989151114774,1.1377816824244813,1.3008752614849959,1.3016447765282921
46.0,1.1152616155773383,1.1494023259393489,1.1176195869866195,1.1708755822391324,1.1753253288725016,1.1750502353827268,1.1673117732939264,1.1200593791538909,1.1476335917085898,1.1168916629925443,0.9628258500529394,1.068300655164741,0.9195240094416428,1.2704326019882763,1.0143208987422243,1.0071811173930716,1.2861687002518705,0.9221427312685649,1.0620439597852998,0.9746966298852274,1.1531073147760709,1.1573772154162234,1.1631448174520302,1.157711274889286,1.1528640205076552,1.2304609070660055,1.3253981418984453,1.3256835108208747,1.2279957145239249,1.1339441197998412,1.1324666575160978,1.2987149479088218,1.2990335005820113
47.0,1.1192175834554572,1.144653717430266,1.120912911514207,1.16436029200614,1.1713788860868746,1.1711309117144355,1.160826279920781,1.1231538491151716,1.1428895428372459,1.120640122560921,0.9513123397793981,1.0806744791998608,0.9155486629308917,1.273364827115832,1.0143314437118522,1.0076024560431118,1.2894027543300166,0.9190602382198232,1.0749769779344076,0.962587365716802,1.1527885811513046,1.1559199882965194,1.1606621098540466,1.1559240147526273,1.1522908877634859,1.239588644199911,1.3272981250900888,1.328006266067152,1.2379200208176555,1.1290829000511877,1.127604218707811,1.2978574128193086,1.2975361586402725
48.0,1.1227344869437328,1.1391103433860572,1.1232878790643803,1.1576431520913228,1.1670803482100043,1.166866641451267,1.1541662360897005,1.1253744605307572,1.1373653869113598,1.1239306993916334,0.9407417304121248,1.0927684563354605,0.9109150636650551,1.276036689253372,1.0129623649986748,1.006738467442704,1.2921931400412983,0.9151464737701611,1.0876329603022357,0.9512122500296218,1.151501491965825,1.1536235175878973,1.1574342512539428,1.153362897956444,1.1508054699992287,1.2476785597644016,1.328483663100513,1.3296166741322917,1.2466782667468956,1.1239597457176767,1.1224714404096279,1.297122068550612,1.2961397378043356
49.0,1.126181859839936,1.1344852460539994,1.1257793443068533,1.1516568581323507,1.1629153119172562,1.1627324087015578,1.1482408636511392,1.127656070509127,1.1328261848461043,1.1271626241365187,0.9320094424317245,1.104722113547211,0.9073965570029296,1.2792517096900684,1.0128948414945647,1.007074588977087,1.2953628260530072,0.9124552055539856,1.1001806220363168,0.9415299820168388,1.1503191836382773,1.1516232533300887,1.1545341867732746,1.1510967354872235,1.1494328055997136,1.2553325490603682,1.3301991746908728,1.3316775614600265,1.2550543450483358,1.1193024168719194,1.117819154230412,1.2964210733431123,1.2946649717627279
50.0,1.1292437049549997,1.129412867340708,1.1276539499304692,1.1456207991564797,1.1585846030688842,1.1584351329810065,1.1423091054312087,1.1293894018205175,1.1278236435973272,1.1299974532469266,0.9251624740887611,1.11621911924519,0.9034817271042255,1.2820235477382083,1.0118500301705466,1.006506300850813,1.297930669953201,0.9091454874806698,1.1122807288164713,0.9336497815910554,1.1484627506515486,1.1490567082254641,1.1512244276224188,1.148320911396006,1.1474208893904594,1.2617426304254147,1.3309604392716095,1.3327900875604795,1.262050656576571,1.1145433844118804,1.113014503010838,1.294772312790579,1.2923955909187324
51.0,1.1320516976689128,1.124952711751452,1.1293710807369552,1.1401611210387956,1.154365350669999,1.154232347037699,1.1369203743176801,1.1309130765138016,1.1234649415690114,1.1325868230617773,0.9208746395456531,1.127382180805084,0.9005919801830384,1.2849993514457643,1.011756597003448,1.0067339877118469,1.3005377053870653,0.906816353404818,1.1240724759465257,0.9281262561950543,1.1465286258940361,1.1466099608253555,1.1480468716986971,1.1456549367685136,1.145358418593748,1.267634106685189,1.331917456569872,1.3339578311410367,1.2685014735922295,1.1101141978883131,1.1086690448965104,1.2924165183599874,1.289540049755336
52.0,1.1344977745868199,1.1203215193314187,1.130690840296648,1.1347322526273453,1.1501074038311545,1.1499968528296338,1.1316211905471354,1.1320705145821814,1.1188580831834765,1.134803662542192,0.9192011222013383,1.1379592496367759,0.8977191388022734,1.2874008710566303,1.011233743667365,1.006529241942469,1.302471571922212,0.9042680709869606,1.1353055377220016,0.9250695190284982,1.1441975239079172,1.1438349994715722,1.1446537783053201,1.1427027191542016,1.1428984768867103,1.2721947037922579,1.3318216955510593,1.33409355504717,1.2734897528106823,1.105694353692676,1.1042799462562551,1.2887420094911533,1.2855281816896886
53.0,1.1365551444058737,1.1156907792367525,1.1316721862792158,1.1295602712573884,1.1458700201922298,1.1457691580763103,1.1265618521594885,1.132892439942185,1.114352147026085,1.136630795703844,0.9203567091649307,1.1479489907769898,0.8953983600561057,1.2894558057444467,1.0108735265448299,1.0063583976931982,1.3039393899801177,0.9020948512304383,1.145919164788658,0.9246816902865672,1.1415630684558107,1.1408998158663333,1.141186204866325,1.1396388466440766,1.140203440308365,1.2757863548231727,1.331181880289397,1.3335390565575735,1.2773929939783712,1.1012944438644938,1.0999605097091019,1.283942212704876,1.2805495523908705
54.0,1.1382548074966592,1.1111977298996496,1.1323554075067175,1.124588066853752,1.14169806500921,1.1415916562941488,1.1216776351862219,1.1334298659871065,1.1099218825639294,1.1380832534062415,0.9244906469134508,1.157340788241663,0.8935629333639036,1.2911122930285495,1.0108143329270354,1.00642509090037,1.3049421874097547,0.9003450222795604,1.1559059238732798,0.9271564102869644,1.1387273139742877,1.1378556599272087,1.13769455392482,1.136467484641683,1.1372767491841231,1.2782825462235905,1.3298779807472894,1.3323955616973724,1.2800785652635178,1.0970318574642972,1.0957451368518805,1.2779318417968755,1.2746002494175954
55.0,1.1396317243090635,1.1070370228126336,1.1328185697310025,1.1199321107710398,1.137625767138268,1.137523081171962,1.1171763065435736,1.1337436254933682,1.1058468603764267,1.1392203029957586,0.9317470806429984,1.1662564437165377,0.8928138368544049,1.292584112630662,1.011454712338531,1.007021186574706,1.3056892756598955,0.8996300540198043,1.1653332613639489,0.9328126149027113,1.1358029544164827,1.134806007773081,1.13426190009571,1.1333545294373621,1.1342997468514076,1.2799981736366934,1.3282904799466784,1.3308831209386471,1.2818085554615644,1.0930954970621858,1.0918279077044677,1.271277646504337,1.2681278114993162
56.0,1.1402154423788433,1.1001753140235555,1.13239826564677,1.1140843621393317,1.1330402988750297,1.132934936654575,1.1114180934896782,1.1331392503994815,1.099100627147225,1.1396072219443656,0.9400212105508805,1.1741323404172292,0.8910008695870673,1.2927452288800052,1.011057872170167,1.0065354294627453,1.3051641565289929,0.897919551904262,1.1736567523440589,0.9396716067329091,1.1315784880410957,1.130531555421895,1.1295997078949669,1.1289802334734547,1.1301237447135597,1.2797292482901237,1.324704968053424,1.327441660933961,1.2814770972567466,1.0868301217373977,1.0856786403785736,1.2619594458725159,1.2590244677340663
57.0,1.1407227100230242,1.095316597659446,1.1321540929757499,1.1092936780658342,1.1287935301059173,1.128686668791799,1.10668845277011,1.132772374465422,1.0943032420280694,1.139851524958557,0.9511283342501364,1.1817572997628825,0.8916929447726929,1.2930675138138734,1.0125266072500954,1.0076869683074987,1.3047524125334604,0.8986650578538053,1.1815712045099014,0.9496310104610874,1.127983134615664,1.126944823427091,1.1256934822318663,1.1253381694559959,1.1265114703775845,1.2789993978120602,1.3215316270893096,1.3242714839172565,1.280503974124508,1.0820813529129931,1.0810187764980763,1.2531315813415902,1.250431448005049
58.0,1.1408691932850354,1.0911152064215146,1.1316403496535217,1.1047986614687877,1.1246929626614413,1.1245814351094403,1.1022823922353147,1.132138509538303,1.0901567647260597,1.1397394100803735,0.9636937083766274,1.188839049991074,0.893909294992622,1.2929551079211787,1.0148713978106836,1.009581540170276,1.303899907074407,0.9009700243261599,1.1888476606049627,0.9613872725358779,1.124406129885183,1.1234138099201543,1.121935147912202,1.1217812077648839,1.1229086101300008,1.2774277984199542,1.3179034114383552,1.3206269079918038,1.278632155004905,1.0779778036594627,1.076981732108562,1.2444211291815592,1.2419379905745844
59.0,1.1406486838678425,1.0874007214781467,1.1308787035203676,1.100571684651544,1.1207117534198423,1.1205938196183123,1.0981604468670525,1.1312513223175489,1.0865224824452793,1.1392763941561803,0.9769740179403644,1.1954096335052402,0.897675370372477,1.2923742481956668,1.0182027518692487,1.012389840721639,1.3026292617973212,0.9048816869122631,1.1954834609270373,0.9742074238860648,1.1208097643218986,1.1199245596711225,1.1182676867154049,1.118281049363172,1.1192922586577554,1.275095157181803,1.3138093367408032,1.3165551910094275,1.275935122892449,1.074377854119595,1.073442984668362,1.2360517012359544,1.2337548658920325
60.0,1.1400026341507115,1.0838733242766503,1.1297766724888965,1.096460774227445,1.1167749137600396,1.1166570482703808,1.0941493233250605,1.130026975562025,1.0830488896103094,1.138426754295754,0.9901771134132493,1.2012319284598605,0.9028158915093636,1.2911200051911391,1.0224517858602233,1.0160795513100427,1.3007549342094558,0.9103186630481337,1.2012437193301615,0.9872207411393236,1.1170435124426625,1.1163302319111854,1.1145335791236983,1.1146794184809288,1.1155696595784619,1.2718838000045969,1.3090053623184268,1.3118104202376195,1.272359158803729,1.071105865175167,1.0702418743254871,1.228040262563113,1.2259065606245192
61.0,1.1391936187678058,1.0808552456254394,1.128505747016717,1.0927048247303504,1.11300820014909,1.1128804204573466,1.09051151900121,1.1286287121070755,1.080094618831375,1.1374186879699573,1.0032060523357609,1.207192494176786,0.9099616333929342,1.2899768698430973,1.028469609306514,1.0214870460893377,1.2989783989052597,0.9177399558659075,1.2070406819354658,1.0001757857329674,1.1135103328350127,1.112937840553265,1.1110368818844976,1.1112852282361896,1.1120438942050235,1.2688906252158354,1.304663525281209,1.3074577818966322,1.2689659398358952,1.0683081733990414,1.0674948887513267,1.2207940904722492,1.2187965870044675
62.0,1.1379136858069854,1.0766948937148153,1.1267016118491184,1.088458611797154,1.109030918213632,1.1088917359491268,1.0863584684069176,1.1266686812155713,1.0759211565584446,1.1359815785221838,1.015019029192081,1.2120051317040552,0.9179222163635878,1.288137164872983,1.0352400537884958,1.027712943926209,1.2965723228630721,0.9261782763537456,1.2116342757892964,1.0120451281644156,1.1093890936898463,1.1089634446139414,1.1069492505029481,1.107294866251207,1.1079723590574113,1.2648216655342361,1.2995763167312295,1.3023843268178765,1.2645979868969452,1.0646932897056112,1.0639006562999271,1.213524960305425,1.2117489768523497
63.0,1.136325304304051,1.0732600503965295,1.1247326963069986,1.084662297788281,1.1051996457197635,1.1050653939199222,1.0826610442283364,1.1246338907422735,1.072527255933844,1.134236765368524,1.0261074853487504,1.2163473282010306,0.9274354919630808,1.2860603123057799,1.0434169408219987,1.0353960975596357,1.2939279773377055,0.9360860006125687,1.2156430253231538,1.0230978740691028,1.1054341081849666,1.1051884155042397,1.1031497227833968,1.103566211668354,1.1040611990594607,1.260583765313146,1.294500997454237,1.297235094641605,1.2600400491032755,1.0619064351940923,1.0611396927510839,1.2067527745753162,1.205033360343702
64.0,1.1346134434100668,1.0703423849293794,1.122624779148206,1.0811893178627106,1.1015173293714575,1.1013804805765854,1.0792947341412134,1.122433615175013,1.0696493625154133,1.1323897356135129,1.0366009534700804,1.2205478075565308,0.9381967813309019,1.2841250676349178,1.0530269494949376,1.0446303914334394,1.2914406140020531,0.9472181492897274,1.219468849730041,1.0335356985098778,1.101766950005256,1.101639738018212,1.099570137259401,1.1000422501401295,1.10041104018495,1.2567797530589964,1.289730952551817,1.2924033456331825,1.2559397636864447,1.059537517761543,1.058791936316394,1.200472788004686,1.198860111033397
65.0,1.1324030503156743,1.0666911338948442,1.120018390263805,1.0774096529664288,1.097677848067316,1.0975403552199603,1.0755746823312435,1.1197195532988358,1.066039140369607,1.1300948734098906,1.045307937530163,1.2233766289064447,0.9483553101486406,1.2812414663487528,1.0622968096246757,1.0537528486314534,1.2880861268256798,0.9577452266219233,1.2218583311437723,1.0422031506459921,1.0975644874805472,1.0976339412832279,1.0955413408353383,1.0960361481792849,1.0963069087784354,1.2518177371230017,1.283744891960399,1.2864004771183244,1.250772037595387,1.056766322499593,1.056050302602721,1.1932450575376117,1.1916642926668919
66.0,1.1302068967189902,1.0638738478233698,1.117450729529186,1.0741684335863515,1.0940679243416442,1.0939309676925626,1.0724097732409603,1.1170802089458816,1.0632815518977687,1.1277976473654783,1.0539353874027992,1.2258320862158727,0.9598496950991983,1.278775775224611,1.0729514115205117,1.064380683473249,1.2851184864802654,0.9694442375746105,1.2238013320813015,1.0507672137513913,1.0938324790047118,1.0939968320714561,1.0918934104062874,1.0924346398111582,1.092598375754262,1.2473690988872652,1.2786357303770737,1.2811618916469363,1.246096033071783,1.0545633382193391,1.0538680112463636,1.186735736870232,1.1851675954889433
67.0,1.1277110688766265,1.06101934956012,1.1146025453013222,1.0709204640241743,1.0904846248312339,1.0903556304803674,1.069245023504594,1.11420204234129,1.060482862150644,1.125228776836897,1.0618025009697865,1.2273605151397131,0.9714687611414737,1.2760355797631362,1.0836106296059107,1.0752264556032982,1.2819019089616026,0.9811520904978085,1.2248077835317601,1.058627343918658,1.0900026901492108,1.0902360927917554,1.0881863153370435,1.0887626636272552,1.0887912901605306,1.2426650463725701,1.2732197552438762,1.2756261383863121,1.2411907127239215,1.0523832480549478,1.0516810501339364,1.1801999229126099,1.178656102268911
68.0,1.1249996126191009,1.058135938574296,1.1115530963548048,1.0677162945242027,1.0869160523456045,1.0867931592686417,1.0660908142735341,1.1110927297253315,1.057615632414581,1.1224792206752128,1.0691538195103254,1.2283139526140654,0.9830351913135262,1.2732476930391399,1.0940588252346948,1.0860623739168662,1.278675968451978,0.992681598344865,1.2252635753740013,1.065990175949352,1.086136583220628,1.0864530509510129,1.0844261954147068,1.0850089561815266,1.0849817724700446,1.2380476707353265,1.2677865950347877,1.2700891153458984,1.236435384582855,1.0502378368834244,1.049551534730582,1.173782259910762,1.1722203395633324
69.0,1.1221561321093614,1.0553227553531692,1.1083991543710598,1.0645901374866023,1.0834077784587675,1.0832940834035116,1.0630258606944478,1.1078991213179017,1.0548686663336675,1.119626515888987,1.075859674565934,1.2285841295457296,0.9944040054185868,1.2704144636165406,1.1040388542092985,1.0965537944871622,1.2754105079201277,1.003888289391885,1.2250830914870783,1.0728015850516692,1.082336675437642,1.0827153611433105,1.0807093835242991,1.081327278009101,1.081249836665631,1.2333956356654865,1.262363394258237,1.2645417081651087,1.2316797450528212,1.0480621670523025,1.0474738048347174,1.1674225261511926,1.1659599814270951
70.0,1.1191604752376252,1.0525370281256243,1.1050961176300798,1.0615335293868953,1.0799560604268883,1.0798540066499354,1.0600160244998724,1.1045751702032607,1.0521722122360009,1.1166375013087817,1.0819271228113265,1.2283139806550147,1.0054833977075153,1.267526059900997,1.1133058140200704,1.1064449255973523,1.2721064141638372,1.014645121377729,1.2244366380893756,1.0790096722120253,1.0785685262163076,1.0789578536324802,1.077017259921975,1.0776350247606146,1.0775638826462024,1.2287664752287848,1.2569504530388627,1.2589903300183423,1.2269871636200862,1.045968238154779,1.045471534914495,1.161189783143617,1.15986955787378
71.0,1.1160464065398747,1.0499174500395598,1.1017339334065963,1.058587458576267,1.076575781054385,1.0764858861043258,1.0571149104234285,1.1011833017025523,1.0495943493076434,1.11353704764104,1.0873623220448487,1.2275982529412632,1.0161702796505436,1.2645977650080973,1.121702889774549,1.1155121190404242,1.2687650083285624,1.0249116957581732,1.2234126690597518,1.0845806960368314,1.0748759376190657,1.0752986594616705,1.0733796467203465,1.074017978170011,1.0739266653424466,1.224147975376589,1.2515352282759626,1.2534332681646407,1.2223211697551442,1.0439910194450084,1.0435187857883759,1.1551549099607066,1.1539971617378266
72.0,1.1128280265975887,1.046720720317003,1.0982459602269463,1.055414869247134,1.0731451459019734,1.0730656290036018,1.0539632182122696,1.0976619560585823,1.0464351563427101,1.1103412420690677,1.091462334417045,1.2264724303821168,1.0256508712838717,1.2614148205804667,1.1286348201563332,1.1231378666051794,1.2651936578225151,1.0339017042091687,1.2221112302424435,1.0888580613368808,1.0710399951525753,1.071470971964159,1.0695678320214037,1.070227867094736,1.070162750047388,1.2193029553041366,1.2457630673517797,1.2475251995140795,1.2174895565840442,1.0414532644710874,1.0410227525973705,1.1483239877986988,1.1473202192836922
73.0,1.1095448435222295,1.0442068716969795,1.0947856819510218,1.052587475682095,1.069873679207596,1.069807739877245,1.051160988689866,1.0942064949190897,1.043963807809541,1.1070829738900312,1.095210217951371,1.2251831357772347,1.0351209217211865,1.2583219989592176,1.134907589677777,1.1300860905927996,1.2617085952816123,1.042743985410245,1.2207026484003813,1.0927776075490265,1.0674832488080317,1.067877586193535,1.066011615921321,1.0666883734583625,1.0666636252433976,1.2146277460608617,1.2403139022786156,1.2419241358111364,1.212803438596445,1.0394586225264026,1.0390591058284921,1.1422669524219313,1.14136719611659
74.0,1.1061544427322314,1.0420542118489542,1.091292541996493,1.0499289756752361,1.066703450871367,1.0666533229946105,1.048537745684387,1.0907107919179673,1.04184651349762,1.10373704610849,1.0982622807500648,1.2235844465994998,1.0439916951348929,1.2550315769231755,1.1401320054067055,1.1359389540488256,1.2580511006349795,1.0509195948295658,1.2190741356154988,1.0959802396782456,1.06403130071571,1.064396185717399,1.0625667450013334,1.063256762726172,1.06326686416969,1.2098101205674308,1.234788131332381,1.2362410652197227,1.2079844245347255,1.037718397755401,1.0373500489022585,1.1366087163524412,1.1357702956778517
75.0,1.1027687177035193,1.0402116123414016,1.0878697555457764,1.047457619652742,1.0636543730138681,1.063621779902155,1.0461048441299732,1.0872841462862155,1.040032905476406,1.1004024104959969,1.100705556573391,1.221919431435918,1.0522918488991275,1.2516652879193608,1.1444663592732855,1.1408427885134018,1.2543218410323316,1.0584728712026235,1.2174550028378888,1.098554548801083,1.0607579385504002,1.0610959140390857,1.0593054698357591,1.0600013026332002,1.0600502378187873,1.2051054632250284,1.2293298316575438,1.2306340515376335,1.20329444879889,1.0362196444144314,1.0358692651604224,1.1313297856160882,1.1305378374854247
76.0,1.0993967506649125,1.0386130353643692,1.0845065983403406,1.045173461645212,1.0607351193287162,1.0607185542595152,1.0438760516590282,1.083917000992021,1.0384657540680589,1.097084855169907,1.1025124999450318,1.2201968181703766,1.0599519903700128,1.2481723737030934,1.1479411011918388,1.1448337708611558,1.2504814998988922,1.0653680073580796,1.2158252204402429,1.100484172904891,1.0576471184956557,1.0579589004074523,1.056223047754386,1.0569141479609652,1.056980262966868,1.2004298469606183,1.223917927810455,1.2250699352985928,1.1986415007723403,1.0349125207051273,1.0345681570931882,1.1263968057314364,1.1256493067190876
77.0,1.096032489107917,1.037211149421733,1.0812050474130286,1.0430543147652598,1.0579412893649482,1.0579362759026685,1.0418240731582067,1.080614890022175,1.0370881910468328,1.0937802134237526,1.1037042486535482,1.2184261804806888,1.0668801682408517,1.244531718041475,1.1506442461679875,1.1479828982793627,1.2465131216404397,1.0715401964557705,1.2141932606465127,1.1017877101599207,1.054669592116613,1.0549668574541302,1.0532803490569569,1.0539674120540123,1.0540570476464919,1.195745913685777,1.218538955473608,1.2195494901818547,1.1940044993721968,1.0337579878071208,1.033423959089749,1.1217874548060625,1.1210927734961673
78.0,1.092681604135721,1.0359398923341807,1.0779656041184955,1.0411013290334983,1.0552738629677387,1.0552790945426134,1.0399372086641054,1.07737961191699,1.0358424519740703,1.0904961321160385,1.1042850230889452,1.2166075338204232,1.0730597881769097,1.2407340658318002,1.1526216118934889,1.150358094696773,1.242397841482703,1.076987292264094,1.2125475497687526,1.1025010808308593,1.0518201648287278,1.0521102412883179,1.0504897967877567,1.0511608197242321,1.0512640844280727,1.1910644838775504,1.2131806024699994,1.2140532265126298,1.1893757552606121,1.032714877550049,1.0323662973554701,1.1174276860938213,1.1168284744416144
79.0,1.0893458467150743,1.0346563607742587,1.0748013502038434,1.0392639378882322,1.052723521203835,1.0527386239382406,1.0381720148272566,1.0742191245864166,1.0345856173613017,1.0872293454459416,1.103916920384942,1.214579410991814,1.0779994277792209,1.2365618009441184,1.1536110984373158,1.1516993573395795,1.2379314037456433,1.0812331000628304,1.21069209864667,1.1022602921032691,1.0490451068155415,1.0493768218369692,1.0478423379040693,1.0484770357297513,1.0485406216654325,1.1861057054854367,1.207527559488539,1.2082728518298178,1.1844954228815312,1.0315784098632441,1.0312508698224456,1.1128116542345163,1.1123013448615415
80.0,1.0860747344320474,1.0335215101395758,1.0717297257163454,1.0375874354361263,1.050301310734342,1.0503241463666009,1.0365690787285486,1.0711539966811814,1.0334711806795247,1.0840156274859036,1.1034110761010072,1.2127459647243422,1.0826360265925152,1.2325090899329427,1.1544171710462345,1.1528036002512398,1.233572544941336,1.0852228868850609,1.2090549891766065,1.101891348714555,1.046459958124074,1.0467733360596931,1.0453056575019593,1.0459243241908722,1.0459981451914826,1.1815553995368682,1.2022886088862346,1.202902574952267,1.1800187723127524,1.0306581402787898,1.0303270648519784,1.1088419276054386,1.1084273232005608
81.0,1.08280076048813,1.0324591596914272,1.0686946968124587,1.0360273380790976,1.0479951049748308,1.0480260188198338,1.0350946885521473,1.0681406502119413,1.0324303747809296,1.0808033186807349,1.102391341993235,1.2107752032310302,1.086463681495501,1.2282571770584987,1.1546763001275229,1.1533332523790791,1.2290328957103391,1.0884468153545221,1.2072743178581593,1.1010088880174402,1.0439797675173388,1.0442791083715417,1.0428974794662689,1.0434889729212893,1.043551658766185,1.1768709000727169,1.197050291293907,1.1975418807247842,1.1754223201170915,1.029755788070586,1.0294291288568371,1.105186923066884,1.1048784475910893
82.0,1.079576521504544,1.0311730416799423,1.065750752571828,1.0344864704846366,1.0457680103477554,1.0458013818738898,1.0336118098993707,1.0651886534227257,1.0311308853655614,1.0776449874645628,1.1005749843246764,1.2086251623812663,1.0891338342825765,1.223723594479616,1.1541855389606785,1.1530587637619123,1.2242228115273417,1.0905741626288072,1.2053124592569922,1.0993437125073127,1.0415157632670184,1.041855445011962,1.0405591135668302,1.0410998921016446,1.0411235705952706,1.1720662358826448,1.1915856196129317,1.1919588056888026,1.170713020073334,1.0285979362435458,1.0282571088560688,1.1012198805509898,1.1009748155951233
83.0,1.076401490837174,1.030075337453274,1.0628898796626973,1.0331080645667816,1.0436736938473832,1.0437115181047876,1.0323018215714665,1.0623492847834564,1.0300500754903537,1.0745293112146355,1.098656300643628,1.206474249643514,1.0914740377053547,1.219200519785034,1.1535690219605106,1.1526387141431087,1.2194352806818933,1.0924326826668975,1.2033410836300444,1.0976225283041603,1.0392432942607042,1.0395925350912547,1.038385961399102,1.0388924397247776,1.0388847707410163,1.1674768899339045,1.186399815627662,1.186653741610171,1.166230970069957,1.0276668458932774,1.0273272496295218,1.0979020865740692,1.097720116955116
84.0,1.0732795528628263,1.0291348080551177,1.0601356234463712,1.031883400691533,1.0417149455438897,1.0417565003309595,1.0311351860764246,1.0596136666012137,1.0291374126772532,1.0714738825235879,1.0964236261340758,1.204177135695336,1.0931576717044966,1.214578014871349,1.1526064502826685,1.1518608617429118,1.2145498937041632,1.0936565841333796,1.2012232872071302,1.0955576883549638,1.0371133835543191,1.0374914991926394,1.0363830397316047,1.0368405973761923,1.0367900002010257,1.162888752454523,1.1812780800904688,1.1814221515327201,1.1617442337729589,1.0268180481629754,1.0265029431122015,1.094927950790244,1.0947869881472323
85.0,1.0702495352357844,1.0283112305635576,1.0575182316517335,1.030790858627023,1.0398983829264064,1.039942536018152,1.030097160304628,1.057006319421406,1.028334984804061,1.068512134512541,1.093944285823914,1.2017643748391142,1.0943166537225788,1.2098938570506608,1.1513874799109873,1.150798436518297,1.2096189562740964,1.0944161522128535,1.1989765990691912,1.0932617200831456,1.0351332217466886,1.0355586844980018,1.0345421319611208,1.0349524491276265,1.0348470623838042,1.1583882600256152,1.176239124984258,1.1762832649433481,1.1573531354014535,1.0260670038931607,1.025769413275413,1.0922523350640276,1.0921593644923508
86.0,1.067319730055103,1.0276393943019553,1.055037721317749,1.0298581814802614,1.0382389420551454,1.0382835694745756,1.0292152509839616,1.0545395917491558,1.0276805878905768,1.0656507027996598,1.0911890460031026,1.199205641038047,1.0949063615623527,1.2051285009284427,1.149860871218044,1.1494171215601379,1.20461420785711,1.09463244170296,1.1965814943057433,1.0906731215426961,1.0333164327422033,1.0338041289848108,1.0329005222799599,1.0332417632626543,1.033063479216025,1.153913640847763,1.171246353187563,1.171196213271791,1.152991803848174,1.0254015938823684,1.025116021399897,1.089792084737529,1.0897383651728112
87.0,1.0644907888939859,1.0270937222665506,1.0526855439016427,1.0290591360663628,1.0367327316402437,1.0367769987895838,1.0284704609037452,1.0522017670491717,1.0271310240243234,1.0628849305923604,1.08818018351317,1.1965269663988767,1.0950150561156766,1.20031981973547,1.1480879372024515,1.1477709870027137,1.1995791080698552,1.0944043800196213,1.1940520519560351,1.087814775829935,1.0316574938283551,1.0322286875018285,1.0314430409675197,1.0317114865337877,1.0314250147857618,1.1495082330658377,1.1663246234426894,1.1661767544425723,1.1486901471979571,1.0248379569225698,1.0245410129200392,1.0874819477870836,1.0874665212741201
88.0,1.0617513132586862,1.0265590757668488,1.0504411828485238,1.0283174488094795,1.0353419051419075,1.0353882402620638,1.0277783221560723,1.0499660335075947,1.0266019652970029,1.060208586209963,1.0850934471852216,1.1937849173104744,1.0948837124632207,1.1955708481922331,1.1462525187289034,1.1460489340449964,1.1946036404493554,1.0939791881435363,1.191454832711131,1.084876871097427,1.0301134068125182,1.0307629586277312,1.030084413612083,1.0302845501381006,1.0299102529562576,1.145295505135966,1.1615974477773785,1.1613532659770605,1.1445879328292718,1.0243509044429495,1.0240528607305968,1.0854424314329572,1.085440530711646
89.0,1.0591052063642628,1.0260636936206715,1.0483252218482346,1.0276714908944449,1.0340760463959486,1.034121693149047,1.0271852848684053,1.0478610785558033,1.026118788584089,1.0576264294633353,1.0815128409744532,1.1908549361074965,1.0940510970190627,1.1906839710959745,1.1439933114948686,1.1438957736387407,1.1895069746815259,1.0928786743313696,1.188656900627322,1.0814230184279243,1.028682265194277,1.029430392426476,1.0288742313831722,1.0289969812061186,1.0285028901650737,1.1409809536725055,1.1567602018136671,1.1564259912564163,1.140369991053375,1.02383822364687,1.0235510683752471,1.083123773265018,1.0831307746916363
90.0,1.0565487800231896,1.0255805993062534,1.0463032936330894,1.0270702951003656,1.0329114179718903,1.0329602692869186,1.0266412318474887,1.0458564727328756,1.0256441224000559,1.0551310648455594,1.077947253381995,1.1878246106164698,1.0931352560377952,1.1858978710495431,1.1417464092435319,1.1417624784140283,1.1845218279088596,1.0917247653263302,1.1857588919208764,1.0780035004507043,1.027368778937639,1.0281908291687045,1.0277572497793155,1.0278016800606886,1.0272033777798693,1.1368531566608113,1.1521846431608744,1.1517716892626866,1.1363407874796358,1.023388035682335,1.0231086230622355,1.0812609663432897,1.0812554227075248
91.0,1.054093503827915,1.0251300563026682,1.0444028340009641,1.0265302045499605,1.0318422186830545,1.0318947516261932,1.026146593492259,1.0439675933215558,1.0251966383295266,1.052739399161237,1.074279601791796,1.184675339367127,1.0920110515828567,1.1811545789428837,1.1394225698106741,1.139541311702021,1.1795946709652307,1.0903924083168541,1.1827338459061933,1.0744667563955819,1.0261580721182306,1.0270633468666173,1.0267463374073915,1.026712170144003,1.026010488192839,1.1328601414292496,1.1477615268850596,1.1472749901748556,1.1324404039416616,1.0229761425421324,1.0227062402393652,1.0795947361007872,1.0795804249316117
92.0,1.051740936186101,1.0247153117577272,1.0426155227598595,1.026060596750068,1.0308683305391335,1.0309257347260758,1.0257168433039614,1.0421926729186208,1.0247888695445102,1.0504506888762712,1.0704910993639094,1.1814128790861196,1.0906695340778534,1.1764570626165962,1.1370012650488297,1.1372186876361075,1.1747207198172667,1.0888660607232519,1.1795881472214573,1.0707893903584302,1.0250512735340613,1.0260450882149488,1.0258465140151853,1.0257302874682988,1.0249232558997314,1.1289893960127753,1.1434847076163066,1.1429294731818764,1.1286539817521144,1.0225964395738527,1.0223442015709192,1.0780942655388013,1.0780576538404902
93.0,1.0495014182045692,1.024366444628217,1.0409489133980092,1.0256719562183878,1.029996502847728,1.0300582012386093,1.0253622516302496,1.040536772065627,1.0244408791183455,1.0482727011167685,1.066530644987202,1.1780252342118949,1.0890934814621245,1.171802803863148,1.134466958041225,1.1347752505247104,1.1699060445449694,1.0871104427050426,1.176311834128089,1.0669282781122722,1.0240680901454808,1.0251480471001175,1.0250660486297367,1.0248661204586431,1.0239508333531693,1.12521226408894,1.1393317346743415,1.1387153120164926,1.124951138687704,1.022259627344765,1.0220120872203722,1.0766959716123043,1.076632142252888
94.0,1.0473668054843328,1.0240526255305742,1.0393898128083077,1.0253394928600508,1.0292087583737917,1.0292795635442349,1.0250599007435302,1.0389867577063667,1.0241273572534197,1.0461989913467475,1.0624910242126424,1.174564413020152,1.087390788363203,1.167233656668179,1.1318945052821445,1.1322872795914578,1.1651852983555144,1.0852693016274901,1.1729565151608687,1.062988562266208,1.0231761814860016,1.024344722649246,1.0243689956031472,1.0240907529434176,1.023074110305612,1.1216259729792335,1.1353436200754907,1.1346705107362183,1.1214346941364228,1.021983139389041,1.0217461412852205,1.0754381103890398,1.0753486158810597
95.0,1.0453606257187105,1.0238662907172207,1.037967980207263,1.0251185332166388,1.028540056301033,1.0286172480571998,1.024870390118298,1.0375794154086677,1.0239378332671945,1.0442478483761783,1.0581686127546788,1.1709688726912,1.0853593616840298,1.162668002421987,1.1291559171804706,1.1296230464818633,1.1604842377090194,1.0830899092360977,1.1694585168766807,1.0587450997399837,1.0224242933373502,1.0236875696146444,1.0238357389123367,1.0234670670278594,1.022325572005877,1.118061144391857,1.1314139311448776,1.1306933843833649,1.1179194943426587,1.0217714680788634,1.021536092708399,1.0741209074131537,1.0739944706272584
96.0,1.0434335823079284,1.0236520278635193,1.0366188993705447,1.02490031070904,1.0279286705547406,1.028015488826274,1.0246776222934113,1.0362360698946842,1.0237207220943862,1.0423787826303048,1.0539067045182557,1.167360959421564,1.0833193750912242,1.1582520706125417,1.1264605667859553,1.1270076466350796,1.155946544829365,1.0809675047141112,1.1659493300491326,1.0545608917838283,1.0217209661375337,1.0230769782476359,1.0233218162567899,1.0228809876405773,1.0216350447599065,1.114784063185403,1.1277142222391339,1.1269454309138003,1.1147015648902612,1.0216139641391915,1.0213789303890153,1.0730230677428638,1.072869037933097
97.0,1.0416400983014773,1.0235158557783808,1.0353928771785332,1.0247521583045165,1.027411873636561,1.0275059797902286,1.024557258486459,1.0350222701571958,1.0235890314336218,1.0406383026992954,1.049464067917075,1.16364031668565,1.081046861595866,1.1539237073900939,1.1236813482825183,1.1243068472963078,1.1515104571349883,1.0785983393131824,1.162320928624196,1.0501826476058358,1.0211615951618422,1.0225896324350645,1.0229314195060126,1.0224163402441582,1.0210777811058922,1.1115554970578483,1.1241770455338775,1.123371442935166,1.111515741780229,1.021478136416486,1.0212533483897301,1.0719732364622416,1.0717965915978798
98.0,1.039931874293196,1.0233317600801115,1.0342402626314169,1.0246039215786653,1.0269472619227134,1.0270500082913283,1.0244396245308345,1.0338830563034125,1.023417594903243,1.0389829776821429,1.044879958029128,1.1598835752581798,1.0785936152077753,1.1496380114890925,1.1208373128689966,1.1215233100331683,1.147125442737072,1.07607297791876,1.1586483338733187,1.0456616624816155,1.0206245187235878,1.0221407685050248,1.0225822580186745,1.0219979479086354,1.0205561166624244,1.1084872726209078,1.120751676156369,1.1199103063441822,1.108473008018889,1.021333751064069,1.0211382541925063,1.0708677295508322,1.0706597416355328
99.0,1.0383269516631246,1.0232075093027269,1.033177079047396,1.0245016359868417,1.026547450220762,1.0266578979203511,1.0243618413368416,1.0328309698240485,1.023302078895305,1.0374284840383687,1.0402756951211052,1.1560900714562004,1.076048084640174,1.1454946866695428,1.1179793977471997,1.1187347078761174,1.1429028415259714,1.0734843300750592,1.1549383817774106,1.0411198493185423,1.0201922405247188,1.0217762832910098,1.022303709307403,1.0216532449559967,1.020129542949049,1.1055861724869107,1.1175057900915302,1.1166406545972318,1.1056037478542617,1.0212414885351266,1.0210655092075238,1.0699354553491938,1.0696933761572527
100.0,1.0368293784071199,1.0230990044501562,1.0322064366878831,1.0244218372555334,1.0262052593416278,1.0263223585500243,1.0243046899260457,1.0318721069114078,1.023194964244011,1.0359785449574481,1.0356282526638085,1.1522584449136448,1.073388826403086,1.1414474761106599,1.1151120849240328,1.1159204748772629,1.1387856610486724,1.0707889432120445,1.1511858605550183,1.0365328682650776,1.01983034396803,1.0214773551390373,1.0220852011786703,1.0213726901608717,1.0197713218256694,1.1028299870497198,1.1144219009147438,1.1135392503753534,1.1028679688457763,1.0211720142829837,1.0210104375087115,1.0690890490449942,1.0688158008838426
